[
    {
        "pk": 1, 
        "model": "ph_model.Country", 
        "fields": {
            "updated": "2016-01-01T00:00:00.000Z", 
            "name": "Kenya", 
            "created": "2016-01-01T00:00:00.000Z"
        }
    }, 
    {
        "pk": 1, 
        "model": "ph_model.Region", 
        "fields": {
            "country": 1, 
            "updated": "2016-01-01T00:00:00.000Z", 
            "name": "Kiisi", 
            "created": "2016-01-01T00:00:00.000Z"
        }
    }, 
    {
        "pk": 1, 
        "model": "ph_model.Project", 
        "fields": {
            "updated": "2016-01-01T00:00:00.000Z", 
            "name": "PowerHive Balance Sheet", 
            "created": "2016-01-01T00:00:00.000Z"
        }
    }, 
    {
        "pk": 1, 
        "model": "ph_model.Municipality", 
        "fields": {
            "timeZone": "Africa/Nairobi", 
            "region": 1, 
            "updated": "2016-01-01T00:00:00.000Z", 
            "name": "Baranen", 
            "created": "2016-01-01T00:00:00.000Z"
        }
    }, 
    {
        "pk": 1, 
        "model": "ph_model.Grid", 
        "fields": {
            "project": 1, 
            "updated": "2016-01-01T00:00:00.000Z", 
            "municipality": 1, 
            "name": "Grid 1", 
            "created": "2016-01-01T00:00:00.000Z"
        }
    }, 
    {
        "pk": 1, 
        "model": "ph_model.QueenFirmware", 
        "fields": {
            "updated": "2016-01-01T00:00:00.000Z", 
            "version": "MAJOR_MINOR_BETA", 
            "created": "2016-01-01T00:00:00.000Z"
        }
    }, 
    {
        "pk": 1, 
        "model": "ph_model.PowerStation", 
        "fields": {
            "updated": "2016-01-01T00:00:00.000Z", 
            "queen": 1, 
            "grid": 1, 
            "name": "10KW", 
            "created": "2016-01-01T00:00:00.000Z"
        }
    }, 
    {
        "pk": 1, 
        "model": "ph_model.BatteryBank", 
        "fields": {
            "updated": "2016-01-01T00:00:00.000Z", 
            "capacity": 10, 
            "created": "2016-01-01T00:00:00.000Z", 
            "stateOfCharge": 0.05, 
            "deviceId": "BB:Grid 1", 
            "powerstation": 1
        }
    }, 
    {
        "pk": 1, 
        "model": "ph_model.Inverter", 
        "fields": {
            "powerstation": 1, 
            "updated": "2016-01-01T00:00:00.000Z", 
            "type": "PV", 
            "deviceId": "pv_inverter_1", 
            "created": "2016-01-01T00:00:00.000Z"
        }
    }, 
    {
        "pk": 2, 
        "model": "ph_model.Inverter", 
        "fields": {
            "powerstation": 1, 
            "updated": "2016-01-01T00:00:00.000Z", 
            "type": "BATTERY", 
            "deviceId": "battery_inverter_1", 
            "created": "2016-01-01T00:00:00.000Z"
        }
    }, 
    {
        "pk": 1, 
        "model": "ph_model.Generation", 
        "fields": {
            "vacAvg": 240.8, 
            "socMin": 0, 
            "updated": "2016-01-01T00:00:00.000Z", 
            "created": "2016-01-01T00:00:00.000Z", 
            "whToGrid": 12, 
            "socAvg": 0, 
            "vaFromPVAvg": 50, 
            "collectTime": "2011-09-01T13:20:30+03:00", 
            "vaToGridAvg": 0, 
            "whFromPV": 123, 
            "vacMin": 240.0, 
            "grid": 1, 
            "vaFromPVMax": 100, 
            "vaToGridMin": 0, 
            "vaFromPVMin": 0, 
            "vaToGridMax": 0, 
            "socMax": 0, 
            "vacMax": 240.8
        }
    }, 
    {
        "pk": 1, 
        "model": "ph_model.Queen", 
        "fields": {
            "wanAddress": "WAN_ADDRESS", 
            "updated": "2016-01-01T00:00:00.000Z", 
            "expectedFirmware": 1, 
            "created": "2016-01-01T00:00:00.000Z", 
            "currentFirmware": 1, 
            "number": 1, 
            "longitude": 34.92691, 
            "lanAddress": "LAN_ADDRESS", 
            "grid": 1, 
            "deviceId": "ESPECIALQUEEN", 
            "latitude": -0.571371, 
            "usageInterval": 10
        }
    }, 
    {
        "pk": 2, 
        "model": "ph_model.Queen", 
        "fields": {
            "updated": "2016-01-01T00:00:00.000Z", 
            "created": "2016-01-01T00:00:00.000Z", 
            "number": 2, 
            "longitude": 34.92693, 
            "grid": 1, 
            "latitude": -0.571371
        }
    }, 
    {
        "pk": 1, 
        "model": "ph_model.Probe", 
        "fields": {
            "updated": "2016-01-01T00:00:00.000Z", 
            "queen": 1, 
            "created": "2016-01-01T00:00:00.000Z", 
            "number": 1, 
            "deviceId": "PROBESERIAL1"
        }
    }, 
    {
        "pk": 1, 
        "model": "ph_model.Circuit", 
        "fields": {
            "updated": "2016-01-01T00:00:00.000Z", 
            "probe": 1, 
            "created": "2016-01-01T00:00:00.000Z", 
            "queen": 1, 
            "number": 1, 
            "deviceId": "PROBESERIAL1:1"
        }
    }, 
    {
        "pk": 2, 
        "model": "ph_model.Circuit", 
        "fields": {
            "updated": "2016-01-01T00:00:00.000Z", 
            "probe": 1, 
            "created": "2016-01-01T00:00:00.000Z", 
            "queen": 1, 
            "number": 2, 
            "deviceId": "PROBESERIAL1:2"
        }
    }, 
    {
        "pk": 2, 
        "model": "ph_model.Probe", 
        "fields": {
            "updated": "2016-01-01T00:00:00.000Z", 
            "queen": 1, 
            "created": "2016-01-01T00:00:00.000Z", 
            "number": 2, 
            "deviceId": "PROBESERIAL2"
        }
    }, 
    {
        "pk": 3, 
        "model": "ph_model.Circuit", 
        "fields": {
            "updated": "2016-01-01T00:00:00.000Z", 
            "probe": 2, 
            "created": "2016-01-01T00:00:00.000Z", 
            "queen": 1, 
            "number": 3, 
            "deviceId": "PROBESERIAL2:1"
        }
    }, 
    {
        "pk": 4, 
        "model": "ph_model.Circuit", 
        "fields": {
            "updated": "2016-01-01T00:00:00.000Z", 
            "probe": 2, 
            "created": "2016-01-01T00:00:00.000Z", 
            "queen": 1, 
            "number": 4, 
            "deviceId": "PROBESERIAL2:2"
        }
    }, 
    {
        "pk": 5, 
        "model": "ph_model.Circuit", 
        "fields": {
            "updated": "2016-01-01T00:00:00.000Z", 
            "probe": 2, 
            "created": "2016-01-01T00:00:00.000Z", 
            "queen": 1, 
            "number": 4, 
            "deviceId": "NO_CUSTOMER_CIRCUIT"
        }
    }, 
    {
        "pk": 1, 
        "model": "auth.User", 
        "fields": {
            "username": "superuser", 
            "is_superuser": true, 
            "password": "pbkdf2_sha256$12000$ds1ZFRa6G5tI$PpobMVPL+fd211daiwuwLzmBmOf1ywVdMCA/8pSLhjQ="
        }
    }, 
    {
        "pk": 2, 
        "model": "auth.User", 
        "fields": {
            "username": "user2", 
            "password": "pbkdf2_sha256$12000$RcwFncfrLqrd$mNbGeT1xxROxEgfyyEINli3UlaPPL8DrH6b0ifCDrVA="
        }
    }, 
    {
        "pk": 1, 
        "model": "ph_model.User", 
        "fields": {
            "phoneNumber": "+10000000006", 
            "updated": "2016-01-01T00:00:00.000Z", 
            "type": "TECHNICIAN", 
            "userInfo": 1, 
            "created": "2016-01-01T00:00:00.000Z"
        }
    }, 
    {
        "pk": 2, 
        "model": "ph_model.User", 
        "fields": {
            "phoneNumber": "+10000000007", 
            "updated": "2016-01-01T00:00:00.000Z", 
            "type": "SUPERVISOR", 
            "userInfo": 2, 
            "created": "2016-01-01T00:00:00.000Z"
        }
    }, 
    {
        "pk": 1, 
        "model": "ph_model.Permission", 
        "fields": {
            "itemId": 1, 
            "updated": "2016-01-01T00:00:00.000Z", 
            "itemType": "grid", 
            "created": "2016-01-01T00:00:00.000Z", 
            "role": 1, 
            "user": 1
        }
    }, 
    {
        "pk": 2, 
        "model": "ph_model.Permission", 
        "fields": {
            "itemId": 1, 
            "updated": "2016-01-01T00:00:00.000Z", 
            "itemType": "grid", 
            "created": "2016-01-01T00:00:00.000Z", 
            "role": 2, 
            "user": 2
        }
    }, 
    {
        "pk": 1, 
        "model": "ph_model.TariffSegment", 
        "fields": {
            "updated": "2016-01-01T00:00:00.000Z", 
            "created": "2016-01-01T00:00:00.000Z", 
            "tariffType": "TIME", 
            "perWhCharge": 10.0, 
            "perVACharge": 10.0, 
            "perSegmentCharge": 10.0, 
            "nextTariffSegment": 2, 
            "timeExpires": "32"
        }
    }, 
    {
        "pk": 2, 
        "model": "ph_model.TariffSegment", 
        "fields": {
            "updated": "2016-01-01T00:00:00.000Z", 
            "created": "2016-01-01T00:00:00.000Z", 
            "tariffType": "TIME", 
            "perWhCharge": 10.0, 
            "perVACharge": 10.0, 
            "perSegmentCharge": 10.0, 
            "nextTariffSegment": 1, 
            "timeExpires": null
        }
    }, 
    {
        "pk": 3, 
        "model": "ph_model.TariffSegment", 
        "fields": {
            "updated": "2016-01-01T00:00:00.000Z", 
            "created": "2016-01-01T00:00:00.000Z", 
            "tariffType": "ENERGY", 
            "perWhCharge": 10.0, 
            "perVACharge": 10.0, 
            "whExpires": 15.0, 
            "perSegmentCharge": 10.0, 
            "nextTariffSegment": 4
        }
    }, 
    {
        "pk": 4, 
        "model": "ph_model.TariffSegment", 
        "fields": {
            "updated": "2016-01-01T00:00:00.000Z", 
            "created": "2016-01-01T00:00:00.000Z", 
            "tariffType": "ENERGY", 
            "perWhCharge": 10.0, 
            "perVACharge": 10.0, 
            "whExpires": 15.0, 
            "perSegmentCharge": 10.0, 
            "nextTariffSegment": null
        }
    }, 
    {
        "pk": 1, 
        "model": "ph_model.Tariff", 
        "fields": {
            "updated": "2016-01-01T00:00:00.000Z", 
            "created": "2016-01-01T00:00:00.000Z", 
            "entryTariffCalendar": 1
        }
    }, 
    {
        "pk": 1, 
        "model": "ph_model.TariffCalendar", 
        "fields": {
            "updated": "2016-01-01T00:00:00.000Z", 
            "dateExpires": "2014-06-16", 
            "created": "2016-01-01T00:00:00.000Z", 
            "nextTariffCal": 2, 
            "entryTariffSegment": 1, 
            "calendarId": 1
        }
    }, 
    {
        "pk": 2, 
        "model": "ph_model.TariffCalendar", 
        "fields": {
            "updated": "2016-01-01T00:00:00.000Z", 
            "dateExpires": null, 
            "created": "2016-01-01T00:00:00.000Z", 
            "nextTariffCal": 1, 
            "entryTariffSegment": 2, 
            "calendarId": 2
        }
    }, 
    {
        "pk": 3, 
        "model": "ph_model.TariffCalendar", 
        "fields": {
            "updated": "2016-01-01T00:00:00.000Z", 
            "dateExpires": null, 
            "created": "2016-01-01T00:00:00.000Z", 
            "nextTariffCal": null, 
            "entryTariffSegment": 4, 
            "calendarId": 3
        }
    }, 
    {
        "pk": 1, 
        "model": "ph_model.Customer", 
        "fields": {
            "tariffSegment": 1, 
            "account": 1, 
            "created": "2016-01-01T00:00:00.000Z", 
            "municipality": 1, 
            "updated": "2016-01-01T00:00:00.000Z", 
            "phoneNumber": "+111111111111", 
            "circuit": 3, 
            "tariff": 1, 
            "tariffCalendar": 1,
            "days_no_balance": 1
        }
    }, 
    {
        "pk": 2, 
        "model": "ph_model.Customer", 
        "fields": {
            "tariffSegment": 4, 
            "account": 2, 
            "created": "2016-01-01T00:00:00.000Z", 
            "municipality": 1, 
            "updated": "2016-01-01T00:00:00.000Z", 
            "phoneNumber": "+22222222222222", 
            "circuit": 4, 
            "tariff": 1, 
            "tariffCalendar": 3,
            "days_no_balance": 1
        }
    }, 
    {
        "pk": 1, 
        "model": "ph_model.PhoneAccount", 
        "fields": {
            "account": 1, 
            "mobileMoneyNumber": "+1 111-111-1111", 
            "updated": "2016-01-01T00:00:00.000Z", 
            "created": "2016-01-01T00:00:00.000Z"
        }
    }, 
    {
        "pk": 2, 
        "model": "ph_model.PhoneAccount", 
        "fields": {
            "account": 2, 
            "mobileMoneyNumber": "+1 222-222-2222", 
            "updated": "2016-01-01T00:00:00.000Z", 
            "created": "2016-01-01T00:00:00.000Z"
        }
    }, 
    {
        "pk": 1, 
        "model": "ph_model.AccountRule", 
        "fields": {
            "minBalance": -10.0, 
            "updated": "2016-01-01T00:00:00.000Z", 
            "created": "2016-01-01T00:00:00.000Z"
        }
    }, 
    {
        "pk": 1, 
        "model": "ph_model.Account", 
        "fields": {
            "accountRule": 1, 
            "accountBalance": 100.0, 
            "updated": "2016-01-01T00:00:00.000Z", 
            "created": "2016-01-01T00:00:00.000Z"
        }
    }, 
    {
        "pk": 2, 
        "model": "ph_model.Account", 
        "fields": {
            "accountBalance": 100.0, 
            "updated": "2016-01-01T00:00:00.000Z", 
            "created": "2016-01-01T00:00:00.000Z"
        }
    }, 
    {
        "pk": 1, 
        "model": "ph_model.MobilePayment", 
        "fields": {
            "updated": "2016-01-01T00:00:00.000Z", 
            "created": "2016-01-01T00:00:00.000Z", 
            "processedTime": "2014-09-01T13:20:30+03:00", 
            "account": 1, 
            "amount": 10.0, 
            "transactionId": "1"
        }
    }, 
    {
        "pk": 2, 
        "model": "ph_model.MobilePayment", 
        "fields": {
            "updated": "2016-01-01T00:00:00.000Z", 
            "created": "2016-01-01T00:00:00.000Z", 
            "processedTime": "2014-09-01T13:35:30+03:00", 
            "account": 2, 
            "amount": 40.0, 
            "transactionId": "2"
        }
    }, 
    {
        "pk": 1, 
        "model": "ph_model.CreditAdjustmentHistory", 
        "fields": {
            "account": "1", 
            "created": "2016-01-01T00:00:00.000Z", 
            "processedTime": "2014-09-01T13:20:30+03:00", 
            "updated": "2016-01-01T00:00:00.000Z", 
            "amount": 300.0, 
            "user": 1, 
            "transactionType": "Credit"
        }
    }, 
    {
        "pk": 2, 
        "model": "ph_model.CreditAdjustmentHistory", 
        "fields": {
            "account": "2", 
            "created": "2016-01-01T00:00:00.000Z", 
            "processedTime": "2014-09-01T13:30:30+03:00", 
            "updated": "2016-01-01T00:00:00.000Z", 
            "amount": 100.0, 
            "user": 1, 
            "transactionType": "Debit"
        }
    }, 
    {
        "pk": 2, 
        "model": "ph_model.UsageCharge", 
        "fields": {
            "account": 2, 
            "created": "2016-01-01T00:00:00.000Z", 
            "accountBalanceAfter": 501.0, 
            "processedTime": "2014-09-01T13:20:30+03:00", 
            "updated": "2016-01-01T00:00:00.000Z", 
            "amount": 10.0, 
            "usage": 2
        }
    }, 
    {
        "pk": 3, 
        "model": "ph_model.UsageCharge", 
        "fields": {
            "account": 2, 
            "created": "2016-01-01T00:00:00.000Z", 
            "accountBalanceAfter": 500.0, 
            "processedTime": "2014-09-01T13:35:30+03:00", 
            "updated": "2016-01-01T00:00:00.000Z", 
            "amount": 1.0, 
            "usage": 3
        }
    }, 
    {
        "pk": 1, 
        "model": "ph_model.Usage", 
        "fields": {
            "customer": 1, 
            "updated": "2016-01-01T00:00:00.000Z", 
            "created": "2016-01-01T00:00:00.000Z", 
            "intervalVmin": 240, 
            "collectTime": "2014-07-21T00:00:00Z", 
            "intervalVAmax": 12, 
            "circuit": 3, 
            "intervalWh": 1234
        }
    }, 
    {
        "pk": 2, 
        "model": "ph_model.Usage", 
        "fields": {
            "customer": 2, 
            "updated": "2016-01-01T00:00:00.000Z", 
            "created": "2016-01-01T00:00:00.000Z", 
            "intervalVmin": 240, 
            "collectTime": "2014-09-01T13:20:30+03:00", 
            "intervalVAmax": 12, 
            "circuit": 4, 
            "intervalWh": 1234
        }
    }, 
    {
        "pk": 3, 
        "model": "ph_model.Usage", 
        "fields": {
            "customer": 2, 
            "updated": "2016-01-01T00:00:00.000Z", 
            "created": "2016-01-01T00:00:00.000Z", 
            "intervalVmin": 240, 
            "collectTime": "2014-09-01T13:35:30+03:00", 
            "intervalVAmax": 12, 
            "circuit": 4, 
            "intervalWh": 1
        }
    }, 
    {
        "pk": 4, 
        "model": "ph_model.Usage", 
        "fields": {
            "customer": 1, 
            "updated": "2016-01-01T00:00:00.000Z", 
            "created": "2016-01-01T00:00:00.000Z", 
            "intervalVmin": 240, 
            "collectTime": "2014-09-01T13:20:30+03:00", 
            "intervalVAmax": 12, 
            "circuit": 3, 
            "intervalWh": 1
        }
    }
]
