[
  {
    "fields": {
      "updated": "2016-01-01T00:00:00.000Z",
      "created": "2016-01-01T00:00:00.000Z",
      "nextTariffSegment": "35",
      "tariffType": "TIME",
      "timeExpires": "360",
      "whExpires": "0",
      "whLimit": "0",
      "vaLimit": "1000",
      "perSegmentCharge": "17.1",
      "perWhCharge": "0.0633",
      "perVACharge": "0"
    },
    "model": "ph_model.TariffSegment",
    "pk": "34"
  },
  {
    "fields": {
      "updated": "2016-01-01T00:00:00.000Z",
      "created": "2016-01-01T00:00:00.000Z",
      "nextTariffSegment": "36",
      "tariffType": "TIME",
      "timeExpires": "1140",
      "whExpires": "0",
      "whLimit": "0",
      "vaLimit": "1000",
      "perSegmentCharge": "0",
      "perWhCharge": "0.0441",
      "perVACharge": "0"
    },
    "model": "ph_model.TariffSegment",
    "pk": "35"
  },
  {
    "fields": {
      "updated": "2016-01-01T00:00:00.000Z",
      "created": "2016-01-01T00:00:00.000Z",
      "nextTariffSegment": "34",
      "tariffType": "TIME",
      "whExpires": "0",
      "whLimit": "0",
      "vaLimit": "1000",
      "perSegmentCharge": "0",
      "perWhCharge": "0.0633",
      "perVACharge": "0"
    },
    "model": "ph_model.TariffSegment",
    "pk": "36"
  },
  {
    "fields": {
      "updated": "2016-01-01T00:00:00.000Z",
      "entryTariffSegment": "34",
      "created": "2016-01-01T00:00:00.000Z"
    },
    "model": "ph_model.TariffCalendar",
    "pk": "12"
  },
  {
    "fields": {
      "updated": "2016-01-01T00:00:00.000Z",
      "created": "2016-01-01T00:00:00.000Z",
      "name": "cloverfield_res_tariff_test",
      "entryTariffCalendar": "12"
    },
    "model": "ph_model.Tariff",
    "pk": "12"
  },
  {
    "fields": {
      "updated": "2016-01-01T00:00:00.000Z",
      "created": "2016-01-01T00:00:00.000Z",
      "vaLimit": "500000",
      "tariffType": "TIME",
      "whLimit": "10000",
      "perWhCharge": "0.430",
      "perVACharge": "0",
      "perSegmentCharge": "16.44",
      "nextTariffSegment": "2",
      "timeExpires": "420"
    },
    "model": "ph_model.TariffSegment",
    "pk": "1"
  },
  {
    "fields": {
      "updated": "2016-01-01T00:00:00.000Z",
      "created": "2016-01-01T00:00:00.000Z",
      "vaLimit": "500000",
      "tariffType": "TIME",
      "whLimit": "10000",
      "perWhCharge": "0.050",
      "perVACharge": "0",
      "perSegmentCharge": "0",
      "nextTariffSegment": "3",
      "timeExpires": "1260"
    },
    "model": "ph_model.TariffSegment",
    "pk": "2"
  },
  {
    "fields": {
      "updated": "2016-01-01T00:00:00.000Z",
      "created": "2016-01-01T00:00:00.000Z",
      "vaLimit": "500000",
      "tariffType": "TIME",
      "whLimit": "10000",
      "perWhCharge": "0.430",
      "perVACharge": "0",
      "perSegmentCharge": "0",
      "nextTariffSegment": "1"
    },
    "model": "ph_model.TariffSegment",
    "pk": "3"
  },
  {
    "fields": {
      "updated": "2016-01-01T00:00:00.000Z",
      "created": "2016-01-01T00:00:00.000Z",
      "vaLimit": "50000",
      "tariffType": "TIME",
      "whLimit": "100000",
      "perWhCharge": "0.100",
      "perVACharge": "0",
      "perSegmentCharge": "5",
      "nextTariffSegment": "5",
      "timeExpires": "420"
    },
    "model": "ph_model.TariffSegment",
    "pk": "4"
  },
  {
    "fields": {
      "updated": "2016-01-01T00:00:00.000Z",
      "created": "2016-01-01T00:00:00.000Z",
      "vaLimit": "50000",
      "tariffType": "TIME",
      "whLimit": "100000",
      "perWhCharge": "0.070",
      "perVACharge": "0",
      "perSegmentCharge": "0",
      "nextTariffSegment": "6",
      "timeExpires": "1140"
    },
    "model": "ph_model.TariffSegment",
    "pk": "5"
  },
  {
    "fields": {
      "updated": "2016-01-01T00:00:00.000Z",
      "created": "2016-01-01T00:00:00.000Z",
      "vaLimit": "50000",
      "tariffType": "TIME",
      "whLimit": "100000",
      "perWhCharge": "0.100",
      "perVACharge": "0",
      "perSegmentCharge": "0",
      "nextTariffSegment": "4"
    },
    "model": "ph_model.TariffSegment",
    "pk": "6"
  },
  {
    "fields": {
      "updated": "2016-01-01T00:00:00.000Z",
      "created": "2016-01-01T00:00:00.000Z",
      "vaLimit": "50000",
      "tariffType": "TIME",
      "whLimit": "100000",
      "perWhCharge": "0.200",
      "perVACharge": "0",
      "perSegmentCharge": "0",
      "nextTariffSegment": "8",
      "timeExpires": "420"
    },
    "model": "ph_model.TariffSegment",
    "pk": "7"
  },
  {
    "fields": {
      "updated": "2016-01-01T00:00:00.000Z",
      "created": "2016-01-01T00:00:00.000Z",
      "vaLimit": "50000",
      "tariffType": "TIME",
      "whLimit": "100000",
      "perWhCharge": "0.150",
      "perVACharge": "0",
      "perSegmentCharge": "0",
      "nextTariffSegment": "9",
      "timeExpires": "1140"
    },
    "model": "ph_model.TariffSegment",
    "pk": "8"
  },
  {
    "fields": {
      "updated": "2016-01-01T00:00:00.000Z",
      "created": "2016-01-01T00:00:00.000Z",
      "vaLimit": "50000",
      "tariffType": "TIME",
      "whLimit": "100000",
      "perWhCharge": "0.200",
      "perVACharge": "0",
      "perSegmentCharge": "0",
      "nextTariffSegment": "7"
    },
    "model": "ph_model.TariffSegment",
    "pk": "9"
  },
  {
    "fields": {
      "updated": "2016-01-01T00:00:00.000Z",
      "created": "2016-01-01T00:00:00.000Z",
      "vaLimit": "1000",
      "tariffType": "TIME",
      "whLimit": "5000",
      "perWhCharge": "0.070",
      "perVACharge": "0",
      "perSegmentCharge": "9.86",
      "nextTariffSegment": "11",
      "timeExpires": "420"
    },
    "model": "ph_model.TariffSegment",
    "pk": "10"
  },
  {
    "fields": {
      "updated": "2016-01-01T00:00:00.000Z",
      "created": "2016-01-01T00:00:00.000Z",
      "vaLimit": "1000",
      "tariffType": "TIME",
      "whLimit": "5000",
      "perWhCharge": "0.070",
      "perVACharge": "0",
      "perSegmentCharge": "0",
      "nextTariffSegment": "12",
      "timeExpires": "1260"
    },
    "model": "ph_model.TariffSegment",
    "pk": "11"
  },
  {
    "fields": {
      "updated": "2016-01-01T00:00:00.000Z",
      "created": "2016-01-01T00:00:00.000Z",
      "vaLimit": "1000",
      "tariffType": "TIME",
      "whLimit": "5000",
      "perWhCharge": "0.070",
      "perVACharge": "0",
      "perSegmentCharge": "0",
      "nextTariffSegment": "10"
    },
    "model": "ph_model.TariffSegment",
    "pk": "12"
  },
  {
    "fields": {
      "updated": "2016-01-01T00:00:00.000Z",
      "created": "2016-01-01T00:00:00.000Z",
      "vaLimit": "10000",
      "tariffType": "TIME",
      "whLimit": "50000",
      "perWhCharge": "0.080",
      "perVACharge": "0",
      "perSegmentCharge": "16.67",
      "nextTariffSegment": "14",
      "timeExpires": "420"
    },
    "model": "ph_model.TariffSegment",
    "pk": "13"
  },
  {
    "fields": {
      "updated": "2016-01-01T00:00:00.000Z",
      "created": "2016-01-01T00:00:00.000Z",
      "vaLimit": "10000",
      "tariffType": "TIME",
      "whLimit": "50000",
      "perWhCharge": "0.080",
      "perVACharge": "0",
      "perSegmentCharge": "0",
      "nextTariffSegment": "15",
      "timeExpires": "1260"
    },
    "model": "ph_model.TariffSegment",
    "pk": "14"
  },
  {
    "fields": {
      "updated": "2016-01-01T00:00:00.000Z",
      "created": "2016-01-01T00:00:00.000Z",
      "vaLimit": "10000",
      "tariffType": "TIME",
      "whLimit": "50000",
      "perWhCharge": "0.080",
      "perVACharge": "0",
      "perSegmentCharge": "0",
      "nextTariffSegment": "13"
    },
    "model": "ph_model.TariffSegment",
    "pk": "15"
  },
  {
    "fields": {
      "updated": "2016-01-01T00:00:00.000Z",
      "created": "2016-01-01T00:00:00.000Z",
      "vaLimit": "1000",
      "tariffType": "TIME",
      "whLimit": "5000",
      "perWhCharge": "0.040",
      "perVACharge": "0",
      "perSegmentCharge": "26.3",
      "nextTariffSegment": "17",
      "timeExpires": "420"
    },
    "model": "ph_model.TariffSegment",
    "pk": "16"
  },
  {
    "fields": {
      "updated": "2016-01-01T00:00:00.000Z",
      "created": "2016-01-01T00:00:00.000Z",
      "vaLimit": "1000",
      "tariffType": "TIME",
      "whLimit": "5000",
      "perWhCharge": "0.040",
      "perVACharge": "0",
      "perSegmentCharge": "0",
      "nextTariffSegment": "18",
      "timeExpires": "1260"
    },
    "model": "ph_model.TariffSegment",
    "pk": "17"
  },
  {
    "fields": {
      "updated": "2016-01-01T00:00:00.000Z",
      "created": "2016-01-01T00:00:00.000Z",
      "vaLimit": "1000",
      "tariffType": "TIME",
      "whLimit": "5000",
      "perWhCharge": "0.040",
      "perVACharge": "0",
      "perSegmentCharge": "0",
      "nextTariffSegment": "16"
    },
    "model": "ph_model.TariffSegment",
    "pk": "18"
  },
  {
    "fields": {
      "updated": "2016-01-01T00:00:00.000Z",
      "created": "2016-01-01T00:00:00.000Z",
      "vaLimit": "5000",
      "tariffType": "TIME",
      "whLimit": "1000",
      "perWhCharge": "0.421",
      "perVACharge": "0",
      "perSegmentCharge": "0",
      "nextTariffSegment": "20",
      "timeExpires": "420"
    },
    "model": "ph_model.TariffSegment",
    "pk": "19"
  },
  {
    "fields": {
      "updated": "2016-01-01T00:00:00.000Z",
      "created": "2016-01-01T00:00:00.000Z",
      "vaLimit": "5000",
      "tariffType": "TIME",
      "whLimit": "1000",
      "perWhCharge": "0.270",
      "perVACharge": "0",
      "perSegmentCharge": "0",
      "nextTariffSegment": "21",
      "timeExpires": "1140"
    },
    "model": "ph_model.TariffSegment",
    "pk": "20"
  },
  {
    "fields": {
      "updated": "2016-01-01T00:00:00.000Z",
      "created": "2016-01-01T00:00:00.000Z",
      "vaLimit": "5000",
      "tariffType": "TIME",
      "whLimit": "1000",
      "perWhCharge": "0.421",
      "perVACharge": "0",
      "perSegmentCharge": "0",
      "nextTariffSegment": "19"
    },
    "model": "ph_model.TariffSegment",
    "pk": "21"
  },
  {
    "fields": {
      "updated": "2016-01-01T00:00:00.000Z",
      "created": "2016-01-01T00:00:00.000Z",
      "vaLimit": "1000",
      "tariffType": "TIME",
      "whLimit": "5000",
      "perWhCharge": "0.421",
      "perVACharge": "0",
      "perSegmentCharge": "0",
      "nextTariffSegment": "23",
      "timeExpires": "420"
    },
    "model": "ph_model.TariffSegment",
    "pk": "22"
  },
  {
    "fields": {
      "updated": "2016-01-01T00:00:00.000Z",
      "created": "2016-01-01T00:00:00.000Z",
      "vaLimit": "1000",
      "tariffType": "TIME",
      "whLimit": "5000",
      "perWhCharge": "0.270",
      "perVACharge": "0",
      "perSegmentCharge": "0",
      "nextTariffSegment": "24",
      "timeExpires": "1140"
    },
    "model": "ph_model.TariffSegment",
    "pk": "23"
  },
  {
    "fields": {
      "updated": "2016-01-01T00:00:00.000Z",
      "created": "2016-01-01T00:00:00.000Z",
      "vaLimit": "1000",
      "tariffType": "TIME",
      "whLimit": "5000",
      "perWhCharge": "0.421",
      "perVACharge": "0",
      "perSegmentCharge": "0",
      "nextTariffSegment": "19"
    },
    "model": "ph_model.TariffSegment",
    "pk": "24"
  },
  {
    "fields": {
      "updated": "2016-01-01T00:00:00.000Z",
      "created": "2016-01-01T00:00:00.000Z",
      "vaLimit": "50000",
      "tariffType": "TIME",
      "whLimit": "100000",
      "perWhCharge": "0.338",
      "perVACharge": "0",
      "perSegmentCharge": "0",
      "nextTariffSegment": "26",
      "timeExpires": "420"
    },
    "model": "ph_model.TariffSegment",
    "pk": "25"
  },
  {
    "fields": {
      "updated": "2016-01-01T00:00:00.000Z",
      "created": "2016-01-01T00:00:00.000Z",
      "vaLimit": "50000",
      "tariffType": "TIME",
      "whLimit": "100000",
      "perWhCharge": "0.135",
      "perVACharge": "0",
      "perSegmentCharge": "0",
      "nextTariffSegment": "27",
      "timeExpires": "1140"
    },
    "model": "ph_model.TariffSegment",
    "pk": "26"
  },
  {
    "fields": {
      "updated": "2016-01-01T00:00:00.000Z",
      "created": "2016-01-01T00:00:00.000Z",
      "vaLimit": "50000",
      "tariffType": "TIME",
      "whLimit": "100000",
      "perWhCharge": "0.338",
      "perVACharge": "0",
      "perSegmentCharge": "0",
      "nextTariffSegment": "19"
    },
    "model": "ph_model.TariffSegment",
    "pk": "27"
  },
  {
    "fields": {
      "updated": "2016-01-01T00:00:00.000Z",
      "created": "2016-01-01T00:00:00.000Z",
      "vaLimit": "50000",
      "tariffType": "TIME",
      "whLimit": "100000",
      "perWhCharge": "0.070",
      "perVACharge": "0",
      "perSegmentCharge": "26.67",
      "nextTariffSegment": "29",
      "timeExpires": "420"
    },
    "model": "ph_model.TariffSegment",
    "pk": "28"
  },
  {
    "fields": {
      "updated": "2016-01-01T00:00:00.000Z",
      "created": "2016-01-01T00:00:00.000Z",
      "vaLimit": "50000",
      "tariffType": "TIME",
      "whLimit": "100000",
      "perWhCharge": "0.060",
      "perVACharge": "0",
      "perSegmentCharge": "0",
      "nextTariffSegment": "30",
      "timeExpires": "1260"
    },
    "model": "ph_model.TariffSegment",
    "pk": "29"
  },
  {
    "fields": {
      "updated": "2016-01-01T00:00:00.000Z",
      "created": "2016-01-01T00:00:00.000Z",
      "vaLimit": "50000",
      "tariffType": "TIME",
      "whLimit": "100000",
      "perWhCharge": "0.070",
      "perVACharge": "0",
      "perSegmentCharge": "0",
      "nextTariffSegment": "19"
    },
    "model": "ph_model.TariffSegment",
    "pk": "30"
  },
  {
    "fields": {
      "updated": "2016-01-01T00:00:00.000Z",
      "entryTariffSegment": "1",
      "dateExpires": "2020-12-31",
      "created": "2016-01-01T00:00:00.000Z"
    },
    "model": "ph_model.TariffCalendar",
    "pk": "1"
  },
  {
    "fields": {
      "updated": "2016-01-01T00:00:00.000Z",
      "entryTariffSegment": "4",
      "dateExpires": "2020-12-31",
      "created": "2016-01-01T00:00:00.000Z"
    },
    "model": "ph_model.TariffCalendar",
    "pk": "2"
  },
  {
    "fields": {
      "updated": "2016-01-01T00:00:00.000Z",
      "entryTariffSegment": "7",
      "dateExpires": "2020-12-31",
      "created": "2016-01-01T00:00:00.000Z"
    },
    "model": "ph_model.TariffCalendar",
    "pk": "3"
  },
  {
    "fields": {
      "updated": "2016-01-01T00:00:00.000Z",
      "entryTariffSegment": "10",
      "dateExpires": "2020-12-31",
      "created": "2016-01-01T00:00:00.000Z"
    },
    "model": "ph_model.TariffCalendar",
    "pk": "4"
  },
  {
    "fields": {
      "updated": "2016-01-01T00:00:00.000Z",
      "entryTariffSegment": "13",
      "dateExpires": "2020-12-31",
      "created": "2016-01-01T00:00:00.000Z"
    },
    "model": "ph_model.TariffCalendar",
    "pk": "5"
  },
  {
    "fields": {
      "updated": "2016-01-01T00:00:00.000Z",
      "entryTariffSegment": "16",
      "dateExpires": "2020-12-31",
      "created": "2016-01-01T00:00:00.000Z"
    },
    "model": "ph_model.TariffCalendar",
    "pk": "6"
  },
  {
    "fields": {
      "updated": "2016-01-01T00:00:00.000Z",
      "entryTariffSegment": "19",
      "dateExpires": "2020-12-31",
      "created": "2016-01-01T00:00:00.000Z"
    },
    "model": "ph_model.TariffCalendar",
    "pk": "7"
  },
  {
    "fields": {
      "updated": "2016-01-01T00:00:00.000Z",
      "entryTariffSegment": "22",
      "dateExpires": "2020-12-31",
      "created": "2016-01-01T00:00:00.000Z"
    },
    "model": "ph_model.TariffCalendar",
    "pk": "8"
  },
  {
    "fields": {
      "updated": "2016-01-01T00:00:00.000Z",
      "entryTariffSegment": "25",
      "dateExpires": "2020-12-31",
      "created": "2016-01-01T00:00:00.000Z"
    },
    "model": "ph_model.TariffCalendar",
    "pk": "9"
  },
  {
    "fields": {
      "updated": "2016-01-01T00:00:00.000Z",
      "entryTariffSegment": "28",
      "dateExpires": "2020-12-31",
      "created": "2016-01-01T00:00:00.000Z"
    },
    "model": "ph_model.TariffCalendar",
    "pk": "10"
  },
  {
    "fields": {
      "updated": "2016-01-01T00:00:00.000Z",
      "created": "2016-01-01T00:00:00.000Z",
      "name": "tariff_05",
      "entryTariffCalendar": "1"
    },
    "model": "ph_model.Tariff",
    "pk": "1"
  },
  {
    "fields": {
      "updated": "2016-01-01T00:00:00.000Z",
      "created": "2016-01-01T00:00:00.000Z",
      "name": "tariff_07_hi",
      "entryTariffCalendar": "2"
    },
    "model": "ph_model.Tariff",
    "pk": "2"
  },
  {
    "fields": {
      "updated": "2016-01-01T00:00:00.000Z",
      "created": "2016-01-01T00:00:00.000Z",
      "name": "tariff_newest",
      "entryTariffCalendar": "3"
    },
    "model": "ph_model.Tariff",
    "pk": "3"
  },
  {
    "fields": {
      "updated": "2016-01-01T00:00:00.000Z",
      "created": "2016-01-01T00:00:00.000Z",
      "name": "tariff_370",
      "entryTariffCalendar": "4"
    },
    "model": "ph_model.Tariff",
    "pk": "4"
  },
  {
    "fields": {
      "updated": "2016-01-01T00:00:00.000Z",
      "created": "2016-01-01T00:00:00.000Z",
      "name": "tariff_580",
      "entryTariffCalendar": "5"
    },
    "model": "ph_model.Tariff",
    "pk": "5"
  },
  {
    "fields": {
      "updated": "2016-01-01T00:00:00.000Z",
      "created": "2016-01-01T00:00:00.000Z",
      "name": "tariff_840",
      "entryTariffCalendar": "6"
    },
    "model": "ph_model.Tariff",
    "pk": "6"
  },
  {
    "fields": {
      "updated": "2016-01-01T00:00:00.000Z",
      "created": "2016-01-01T00:00:00.000Z",
      "name": "tariff_0003",
      "entryTariffCalendar": "7"
    },
    "model": "ph_model.Tariff",
    "pk": "7"
  },
  {
    "fields": {
      "updated": "2016-01-01T00:00:00.000Z",
      "created": "2016-01-01T00:00:00.000Z",
      "name": "tariff_0004",
      "entryTariffCalendar": "8"
    },
    "model": "ph_model.Tariff",
    "pk": "8"
  },
  {
    "fields": {
      "updated": "2016-01-01T00:00:00.000Z",
      "created": "2016-01-01T00:00:00.000Z",
      "name": "tariff_0006",
      "entryTariffCalendar": "9"
    },
    "model": "ph_model.Tariff",
    "pk": "9"
  },
  {
    "fields": {
      "updated": "2016-01-01T00:00:00.000Z",
      "created": "2016-01-01T00:00:00.000Z",
      "name": "tariff_0011",
      "entryTariffCalendar": "10"
    },
    "model": "ph_model.Tariff",
    "pk": "10"
  }
]